cond,seed,best_epoch,n_train,test_acc,test_bacc,test_macro_f1,test_recall_covid,test_precision_covid,test_f1_covid,test_especificidade_covid,test_recall_pneumonia,test_recall_normal,test_ampliado_acc,test_ampliado_bacc,test_ampliado_macro_f1,test_ampliado_recall_covid,test_ampliado_precision_covid,test_ampliado_f1_covid,test_ampliado_especificidade_covid,test_ampliado_recall_pneumonia,test_ampliado_recall_normal
A,0,9,840,0.9388888888888889,0.9060846560846562,0.918954248366013,0.8888888888888888,0.9411764705882353,0.9142857142857143,0.9938271604938271,0.8611111111111112,0.9682539682539683,0.9086666666666666,0.9122222222222223,0.9148673059003873,0.8183333333333334,0.9939271255060729,0.8976234003656307,0.9966666666666667,0.93,0.9883333333333333
A,1,10,840,0.95,0.947089947089947,0.9300330377023595,0.9444444444444444,0.85,0.8947368421052632,0.9814814814814815,0.9444444444444444,0.9523809523809523,0.908,0.9122222222222223,0.9158797630198431,0.8266666666666667,0.9802371541501976,0.8969258589511754,0.9888888888888889,0.9333333333333333,0.9766666666666667
A,2,7,840,0.9555555555555556,0.943121693121693,0.9352826510721247,0.9444444444444444,0.85,0.8947368421052632,0.9814814814814815,0.9166666666666666,0.9682539682539683,0.914,0.9155555555555556,0.9207861903155271,0.8333333333333334,0.9861932938856016,0.9033423667570009,0.9922222222222222,0.9233333333333333,0.99
B1,0,6,1092,0.9555555555555556,0.8928571428571428,0.922121262336132,0.7222222222222222,1.0,0.8387096774193549,1.0,0.9722222222222222,0.9841269841269841,0.856,0.8716666666666667,0.8692092766652003,0.6733333333333333,0.9926289926289926,0.8023833167825224,0.9966666666666667,0.95,0.9916666666666667
B1,1,7,1092,0.9611111111111111,0.9074074074074074,0.9377904423404929,0.8333333333333334,1.0,0.9090909090909091,1.0,0.8888888888888888,1.0,0.8526666666666667,0.8566666666666668,0.8646430676786804,0.6966666666666667,0.9976133651551312,0.8204121687929342,0.9988888888888889,0.8766666666666667,0.9966666666666667
B1,2,8,1092,0.9722222222222222,0.9735449735449735,0.9586042884990253,1.0,0.9,0.9473684210526315,0.9876543209876543,0.9444444444444444,0.9761904761904762,0.9233333333333333,0.9272222222222223,0.9296652356360967,0.85,0.9845559845559846,0.9123434704830053,0.9911111111111112,0.9466666666666667,0.985
B2,0,10,1344,0.9722222222222222,0.9576719576719576,0.9608093591559604,0.9444444444444444,0.9444444444444444,0.9444444444444444,0.9938271604938271,0.9444444444444444,0.9841269841269841,0.9253333333333333,0.9288888888888889,0.9290615739035157,0.8516666666666667,0.9941634241245136,0.9174147217235189,0.9966666666666667,0.9466666666666667,0.9883333333333333
B2,1,8,1344,0.9666666666666667,0.9642857142857143,0.9595803046507272,1.0,0.9473684210526315,0.972972972972973,0.9938271604938271,0.9166666666666666,0.9761904761904762,0.9013333333333333,0.8994444444444444,0.9071186530724935,0.8133333333333334,0.9959183673469387,0.8954128440366973,0.9977777777777778,0.89,0.995
B2,2,4,1344,0.95,0.9272486772486772,0.9317965023847377,0.9444444444444444,0.8947368421052632,0.918918918918919,0.9876543209876543,0.8611111111111112,0.9761904761904762,0.8626666666666667,0.8622222222222223,0.8731373365961191,0.7283333333333334,0.9909297052154195,0.8395773294908742,0.9955555555555555,0.86,0.9983333333333333
C,0,10,840,0.9444444444444444,0.8994708994708995,0.9191920518207283,0.8333333333333334,0.9375,0.8823529411764706,0.9938271604938271,0.8888888888888888,0.9761904761904762,0.9086666666666666,0.915,0.9163262555750776,0.8116666666666666,0.9858299595141701,0.8903107861060329,0.9922222222222222,0.9466666666666667,0.9866666666666667
C,1,10,840,0.95,0.9246031746031745,0.9276310770493256,0.8888888888888888,0.8888888888888888,0.8888888888888888,0.9876543209876543,0.9166666666666666,0.9682539682539683,0.9066666666666666,0.91,0.9152239133944402,0.8116666666666666,0.9898373983739838,0.891941391941392,0.9944444444444445,0.9266666666666666,0.9916666666666667
C,2,6,840,0.95,0.8994708994708994,0.9153272576636288,0.7777777777777778,0.875,0.8235294117647058,0.9876543209876543,0.9444444444444444,0.9761904761904762,0.892,0.9005555555555556,0.9028004567460384,0.7666666666666667,0.9956709956709957,0.8662900188323918,0.9977777777777778,0.9433333333333334,0.9916666666666667
